1B4HR48NX2F154342,2002,DODGE,DURANGO
1FTRX18L22NB75671,2002,FORD,F150
WDDGF5EB9AF446088,2010,MERCEDES-BENZ,C
1XKWD59X5ES355547,1984,KENWORTH,CONSTRUCTION
1N4AL2AP0CC113605,2012,NISSAN,ALTIMA
1FMCU0GX6DUB56333,2013,FORD,ESCAPE
JKAZX4P167A050330,2007,KAWASAKI,ZX600
1HTWJAAR65J004844,2005,INTERNATIONAL,7000
3N1BC13EX7L471246,2007,NISSAN,VERSA
3GCPCTE03CG105650,2012,CHEVROLET,SILVERADO
WVWHL9AN0AE595994,2010,VOLKSWAGEN,CC
2G1WF55K739315431,2003,CHEVROLET,IMPALA
WDDKJ7CB3AF034384,2010,MERCEDES-BENZ,E
1GKDS13S922318483,2002,GMC,ENVOY
JM3TB2CA0E0467988,2014,MAZDA,CX-9
KL1TD6DEXBB112166,2011,CHEVROLET,AVEO
5FNYF4H48DB092854,2013,HONDA,PILOT
5TDXK3DC7BS197196,2011,TOYOTA,SIENNA
KM8JUCAG4EU974775,2014,HYUNDAI,TUCSON
1GNFC13CX9R231159,2009,CHEVROLET,TAHOE
1G4GB5G3XEF176933,2014,BUICK,LACROSSE
1N6AD0ER3DN734654,2013,NISSAN,FRONTIER
1N4AL3AP7FC188456,2015,NISSAN,ALTIMA
1N6AD0EV6CC448708,2012,NISSAN,FRONTIER
JM3TB3CV6B0303312,2011,MAZDA,CX-9
1GNDT13S922444150,2002,CHEVROLET,TRAILBLAZER
1C6RR6FT7DS525110,2013,RAM,1500
1HGCR3F82EA063167,2014,HONDA,ACCORD
1J4GW58S3YC341638,2000,JEEP,GRAND CHEROKEE
2A8HR54P48R738293,2008,CHRYSLER,TOWN & COUNTRY
1G1ZT58F57F152134,2007,CHEVROLET,MALIBU
1ZVHT88S585175810,2008,FORD,MUSTANG
1ZVBP8CFXD5290871,2013,FORD,MUSTANG
WVWMA63B7XE019902,1999,VOLKSWAGEN,PASSAT
1G1AS18HX97119153,2009,CHEVROLET,COBALT
1GNDM19W9YB103606,2000,CHEVROLET,ASTRO
1FTPW14V48FB57774,2008,FORD,F150
JM1BK343661437772,2006,MAZDA,3
1N4AL11D23C213382,2003,NISSAN,ALTIMA
1FTFW1EV1AFA91300,2010,FORD,F150
1GNSKCKC0FR165358,2015,CHEVROLET,TAHOE
JT8BH28F2W0162628,1998,LEXUS,LS
JTKKT624250071431,2005,TOYOTA,SCION XA
1G8ZK5272TZ158472,1996,SATURN,SL2
JHMGE8H49AC083352,2010,HONDA,FIT
4T3ZK3BB6FU059558,2015,TOYOTA,VENZA
1B7GG26X4XS292602,1999,DODGE,DAKOTA
JTEEP21A370248138,2007,TOYOTA,HIGHLANDER
KNAFU4A21C5531556,2012,KIA,FORTE
3N1CB51D86L533198,2006,NISSAN,SENTRA
1FAHP33N68W182065,2008,FORD,FOCUS
2G1FT1EW2E9126788,2014,CHEVROLET,CAMARO
2CNDL63F766064463,2006,CHEVROLET,EQUINOX
1C4RJFBG4FC632587,2015,JEEP,GRAND CHEROKEE
2J4FY19E6KJ146105,1989,JEEP,WRANGLER / YJ
1ZVBP8CH4A5193582,2010,FORD,MUSTANG
1FTNE14W88DA45090,2008,FORD,ECONOLINE
JNKAY21D9SM264824,1995,INFINITI,J30
1B7HC16X8XS239699,1999,DODGE,Ram 1500
1FTCR10A4PPA03194,1993,FORD,RANGER
1J4GX48S44C120518,2004,JEEP,GRAND CHEROKEE
1FTNX20F9YEC05316,2000,FORD,F250
1FDWE35L51HA34613,2001,FORD,ECONOLINE
19XFB2F58EE096980,2014,HONDA,CIVIC
4USCH7330WLE14162,1998,BMW,Z3
1FTRF12207KD54304,2007,FORD,F150
5N1AL0MM4DC368142,2013,INFINITI,JX35
JM1BL1V73C1588163,2012,MAZDA,3
JM1BL1SG3A1247458,2010,MAZDA,3
1FAFP53UX2G211384,2002,FORD,TAURUS
5J6RM3H31EL026781,2014,HONDA,CR-V
1N4AL2AP8AN454431,2010,NISSAN,ALTIMA
1B7FL26Y2MS271226,1991,DODGE,DAKOTA
2C3CDXHG6FH761071,2015,DODGE,CHARGER
1GNSKJE34BR171156,2011,CHEVROLET,SUBURBAN
5GAER23738J287843,2008,BUICK,ENCLAVE
WDBRF52H46A840094,2006,MERCEDES-BENZ,C
3GNAL3EK0DS669690,2013,CHEVROLET,CAPTIVA
JM1BL1SFXA1337584,2010,MAZDA,3
5TBDV58197S492234,2007,TOYOTA,TUNDRA
5TFDV54138X016215,2008,TOYOTA,TUNDRA
2C4RDGBGXER316095,2014,DODGE,GRAND CARAVAN
2T2BK1BA2DC182435,2013,LEXUS,RX
JT3GN87R0W0011516,1998,TOYOTA,4RUNNER
1GNET16S536142221,2003,CHEVROLET,TRAILBLAZER
4T1BF3EK7AU523363,2010,TOYOTA,CAMRY
1J4FY29P5XP460975,1999,JEEP,WRANGLER / TJ
JF2SJAFC1FH529403,2015,SUBARU,FORESTER
KNDMB233066043238,2006,KIA,SEDONA
2C3AA53G25H173954,2005,CHRYSLER,300
4T1BE46K77U056879,2007,TOYOTA,CAMRY
5FNYF4H4XBB007350,2011,HONDA,PILOT
4S2DF58X124639468,2002,ISUZU,AXIOM
1G3NL52E73C214893,2003,OLDSMOBILE,ALERO
1J4FA69S25P325045,2005,JEEP,WRANGLER / TJ
5TEUU42N67Z336610,2007,TOYOTA,TACOMA
KM8JU3AC8CU413277,2012,HYUNDAI,TUCSON
2HGFA1F62AH587941,2010,HONDA,CIVIC
JA3AM44HXWY089391,1998,MITSUBISHI,3000 GT
3N1BC1CPXAL495989,2010,NISSAN,VERSA
5NPEB4AC9BH088844,2011,HYUNDAI,SONATA
5FNYF4H57AB023531,2010,HONDA,PILOT
1GCEC19T06Z146371,2006,CHEVROLET,SILVERADO
1FAFP363X3W226269,2003,FORD,FOCUS
JN8AZ08T24W291956,2004,NISSAN,MURANO
1FMZU73E75UB74915,2005,FORD,EXPLORER
5XXGR4A62DG184179,2013,KIA,OPTIMA
1GCCS136158162306,2005,CHEVROLET,COLORADO
4T1BK46K59U503642,2009,TOYOTA,CAMRY
1FUJBBCG37LW44435,2007,FREIGHTLINER,CONVENTIONAL
3VWPF71K45M614802,2005,VOLKSWAGEN,NEW JETTA
2FMGK5BC1ABA80692,2010,FORD,FLEX
JH2AF0618ES027372,1984,HONDA,NQ50
2G1FB1E37E9317583,2014,CHEVROLET,CAMARO
1J4RS5GG0BC504075,2011,JEEP,GRAND CHEROKEE
1YVGF22F9Y5176919,2000,MAZDA,626
1FBSS31S1XHA61491,1999,FORD,ECONOLINE
1GCEK29019Z185005,2009,CHEVROLET,SILVERADO
2HGES16503H523903,2003,HONDA,CIVIC
1C4AJWAG6FL540685,2015,JEEP,WRANGLER
5FNRL5H69EB114317,2014,HONDA,ODYSSEY
4F2YU07121KM44542,2001,MAZDA,TRIBUTE
YV4CZ982091593313,2009,VOLVO,XC90
3GNDA53PX8S654116,2008,CHEVROLET,HHR
1YVHZ8CH4B5M78723,2011,MAZDA,6
JTHKD5BH2D2105192,2013,LEXUS,CT
1N4AL3AP1DC204194,2013,NISSAN,ALTIMA
1FABP45E6KF186276,1989,FORD,MUSTANG
1GNEK13Z24R345233,2004,CHEVROLET,TAHOE
JTHBH96S965038948,2006,LEXUS,GS
1J4FT27S7SL695528,1995,JEEP,CHEROKEE
1N4AL21E08N529714,2008,NISSAN,ALTIMA
JF1GPAC65E8248047,2014,SUBARU,IMPREZA
3GNDA13D36S526361,2006,CHEVROLET,HHR
KNAFU5A29D5719121,2013,KIA,FORTE
1GKFC33J19R363962,2009,GMC,YUKON
JTHBE262465037433,2006,LEXUS,IS
1GKKRPED8BJ361190,2011,GMC,ACADIA
JTLKT334654068131,2005,TOYOTA,SCION
4T1BF3EK2AU024373,2010,TOYOTA,CAMRY
1GNEK13R8YR168337,2000,CHEVROLET,TAHOE
1C3CDZAB7CN190977,2012,DODGE,AVENGER
5N1AN08W06C522094,2006,NISSAN,XTERRA
2G1FB1E38C9181638,2012,CHEVROLET,CAMARO
4B3AU42Y9TE292483,1996,DODGE,AVENGER
1FTZR45E12TA86347,2002,FORD,RANGER
1FMCU9DG2AKC63332,2010,FORD,ESCAPE
1C6RD7NT8CS140823,2012,DODGE,Ram 1500
1FMRU17L2WLA05088,1998,FORD,EXPEDITION
5TFRT54138X062283,2008,TOYOTA,TUNDRA
2G4WY52M0W1425355,1998,BUICK,CENTURY
1FMEU63E37UA07799,2007,FORD,EXPLORER
1N4AA5APXCC837728,2012,NISSAN,MAXIMA
1FMJU1HT8FEF12156,2015,FORD,EXPEDITION
1HGCD5683TA105207,1996,HONDA,ACCORD
3N1AB61E09L633175,2009,NISSAN,SENTRA
3TMJU62NX6M093989,2006,TOYOTA,TACOMA
1GKES16S946227743,2004,GMC,ENVOY
2HSCNAER6YC083411,2000,INTERNATIONAL,9400
3C6JR6AT1FG534867,2015,RAM,1500
